<metadata xml:lang="en"><Esri><CreaDate>20210106</CreaDate><CreaTime>13010800</CreaTime><ArcGISFormat>1.0</ArcGISFormat><SyncOnce>FALSE</SyncOnce><DataProperties><lineage><Process ToolSource="c:\program files\arcgis\pro\Resources\ArcToolbox\toolboxes\Data Management Tools.tbx\CreateFeatureclass" Date="20210106" Time="130108">CreateFeatureclass C:\Users\twilson\Documents\Projects\DFO\MSDI2\AMMH\FisheryWorkspace4617.gdb FisheryManagementAreas Polygon # No No "GEOGCS['GCS_North_American_1983_CSRS',DATUM['D_North_American_1983_CSRS',SPHEROID['GRS_1980',6378137.0,298.257222101]],PRIMEM['Greenwich',0.0],UNIT['Degree',0.0174532925199433]];-400 -400 1000000000;-100000 10000;-100000 10000;8.98315284119521E-09;0.001;0.001;IsHighPrecision" # # # # "Fishery Management Areas"</Process><Process ToolSource="c:\program files\arcgis\pro\Resources\ArcToolbox\toolboxes\Data Management Tools.tbx\UpdateSchema" Date="20210106" Time="130109">UpdateSchema C:\Users\twilson\Documents\Projects\DFO\MSDI2\AMMH\FisheryWorkspace4617.gdb\FisheryManagementAreas &lt;operationSequence&gt;&lt;workflow&gt;&lt;AddField&gt;&lt;field_name&gt;Region&lt;/field_name&gt;&lt;field_type&gt;TEXT&lt;/field_type&gt;&lt;field_alias&gt;Region&lt;/field_alias&gt;&lt;field_is_nullable&gt;TRUE&lt;/field_is_nullable&gt;&lt;field_length&gt;255&lt;/field_length&gt;&lt;/AddField&gt;&lt;/workflow&gt;&lt;workflow&gt;&lt;AddField&gt;&lt;field_name&gt;Fishery&lt;/field_name&gt;&lt;field_type&gt;TEXT&lt;/field_type&gt;&lt;field_alias&gt;Fishery&lt;/field_alias&gt;&lt;field_is_nullable&gt;TRUE&lt;/field_is_nullable&gt;&lt;field_length&gt;255&lt;/field_length&gt;&lt;/AddField&gt;&lt;/workflow&gt;&lt;workflow&gt;&lt;AddField&gt;&lt;field_name&gt;Area_ID&lt;/field_name&gt;&lt;field_type&gt;TEXT&lt;/field_type&gt;&lt;field_alias&gt;Area_ID&lt;/field_alias&gt;&lt;field_is_nullable&gt;TRUE&lt;/field_is_nullable&gt;&lt;field_length&gt;255&lt;/field_length&gt;&lt;/AddField&gt;&lt;/workflow&gt;&lt;/operationSequence&gt;</Process><Process ToolSource="c:\program files\arcgis\pro\Resources\ArcToolbox\toolboxes\Data Management Tools.tbx\Append" Date="20210106" Time="130249">Append Gulf_Crab_polygons "Fishery Management Areas" "Use the Field Map to reconcile schema differences" "Region "Region" true true false 255 Text 0 0,First,#,Gulf_Crab_polygons,Region,0,255;Fishery "Fishery" true true false 255 Text 0 0,First,#,Gulf_Crab_polygons,Fishery,0,255;Area_ID "Area_ID" true true false 255 Text 0 0,First,#,Gulf_Crab_polygons,Area_ID,0,255" # #</Process><Process ToolSource="c:\program files\arcgis\pro\Resources\ArcToolbox\toolboxes\Data Management Tools.tbx\Append" Date="20210106" Time="151932">Append Gulf_Lobster_polygons "Fishery Management Areas" "Use the Field Map to reconcile schema differences" "Region "Region" true true false 255 Text 0 0,First,#,Gulf_Lobster_polygons,Region,0,255;Fishery "Fishery" true true false 255 Text 0 0,First,#,Gulf_Lobster_polygons,Fishery,0,255;Area_ID "Area_ID" true true false 255 Text 0 0,First,#,Gulf_Lobster_polygons,Area_ID,0,255" # #</Process><Process ToolSource="c:\program files\arcgis\pro\Resources\ArcToolbox\toolboxes\Data Management Tools.tbx\Append" Date="20210108" Time="092434">Append Gulf_Groundfish_polygons C:\Users\twilson\Documents\Projects\DFO\MSDI2\AMMH\FisheryWorkspace4617.gdb\FisheryManagementAreas "Use the Field Map to reconcile schema differences" "Region "Region" true true false 255 Text 0 0,First,#,Gulf_Groundfish_polygons,Region,0,255;Fishery "Fishery" true true false 255 Text 0 0,First,#,Gulf_Groundfish_polygons,Fishery,0,255;Area_ID "Area_ID" true true false 255 Text 0 0,First,#,Gulf_Groundfish_polygons,Area_ID,0,255" # #</Process><Process ToolSource="c:\program files\arcgis\pro\Resources\ArcToolbox\toolboxes\Data Management Tools.tbx\TruncateTable" Date="20210112" Time="100314">TruncateTable "Fishery Management Areas"</Process><Process ToolSource="c:\program files\arcgis\pro\Resources\ArcToolbox\toolboxes\Data Management Tools.tbx\Append" Date="20210112" Time="100347">Append Gulf_Groundfish_polygons_V2 "Fishery Management Areas" "Use the Field Map to reconcile schema differences" "Region "Region" true true false 255 Text 0 0,First,#,Gulf_Groundfish_polygons_V2,Region,0,255;Fishery "Fishery" true true false 255 Text 0 0,First,#,Gulf_Groundfish_polygons_V2,Fishery,0,255;Area_ID "Area_ID" true true false 255 Text 0 0,First,#,Gulf_Groundfish_polygons_V2,Area_ID,0,255" # #</Process><Process ToolSource="c:\program files\arcgis\pro\Resources\ArcToolbox\toolboxes\Data Management Tools.tbx\Append" Date="20210112" Time="100410">Append Gulf_Crab_polygons_V2 "Fishery Management Areas" "Use the Field Map to reconcile schema differences" "Region "Region" true true false 255 Text 0 0,First,#,Gulf_Groundfish_polygons_V2,Region,0,255;Fishery "Fishery" true true false 255 Text 0 0,First,#,Gulf_Groundfish_polygons_V2,Fishery,0,255;Area_ID "Area_ID" true true false 255 Text 0 0,First,#,Gulf_Groundfish_polygons_V2,Area_ID,0,255" # #</Process><Process ToolSource="c:\program files\arcgis\pro\Resources\ArcToolbox\toolboxes\Data Management Tools.tbx\Append" Date="20210112" Time="100629">Append Gulf_Lobster_polygons_V2 "Fishery Management Areas" "Use the Field Map to reconcile schema differences" "Region "Region" true true false 255 Text 0 0,First,#,Gulf_Lobster_polygons_V2,Region,0,255;Fishery "Fishery" true true false 255 Text 0 0,First,#,Gulf_Lobster_polygons_V2,Fishery,0,255;Area_ID "Area_ID" true true false 255 Text 0 0,First,#,Gulf_Lobster_polygons_V2,Area_ID,0,255" # #</Process><Process ToolSource="c:\program files\arcgis\pro\Resources\ArcToolbox\toolboxes\Data Management Tools.tbx\Append" Date="20210112" Time="100910">Append Gulf_Crab_polygons_V2 "Fishery Management Areas" "Use the Field Map to reconcile schema differences" "Region "Region" true true false 255 Text 0 0,First,#,Gulf_Crab_polygons_V2,Region,0,255;Fishery "Fishery" true true false 255 Text 0 0,First,#,Gulf_Crab_polygons_V2,Fishery,0,255;Area_ID "Area_ID" true true false 255 Text 0 0,First,#,Gulf_Crab_polygons_V2,Area_ID,0,255" # #</Process><Process ToolSource="c:\program files\arcgis\pro\Resources\ArcToolbox\toolboxes\Data Management Tools.tbx\Append" Date="20210115" Time="132542">Append Gulf_Crab_Zone17 "Fishery Management Areas" "Use the Field Map to reconcile schema differences" "Region "Region" true true false 255 Text 0 0,First,#,Gulf_Crab_Zone17,Region,0,255;Fishery "Fishery" true true false 255 Text 0 0,First,#,Gulf_Crab_Zone17,Fishery,0,255;Area_ID "Area_ID" true true false 255 Text 0 0,First,#,Gulf_Crab_Zone17,Area_ID,0,255" # #</Process><Process ToolSource="c:\program files\arcgis\pro\Resources\ArcToolbox\toolboxes\Data Management Tools.tbx\Append" Date="20210115" Time="133251">Append LFA_38B "Fishery Management Areas" "Use the Field Map to reconcile schema differences" "Region "Region" true true false 255 Text 0 0,First,#,LFA_38B,Region,0,255;Fishery "Fishery" true true false 255 Text 0 0,First,#,LFA_38B,Fishery,0,255;Area_ID "Area_ID" true true false 255 Text 0 0,First,#,LFA_38B,Area_ID,0,255" # #</Process><Process ToolSource="c:\program files\arcgis\pro\Resources\ArcToolbox\toolboxes\Data Management Tools.tbx\Append" Date="20210125" Time="114100">Append NAFO_Polygons "Fishery Management Areas" "Use the Field Map to reconcile schema differences" "Region "Region" true true false 255 Text 0 0,First,#,NAFO_Polygons,Region,0,255;Fishery "Fishery" true true false 255 Text 0 0,First,#,NAFO_Polygons,Fishery,0,255;Area_ID "Area_ID" true true false 255 Text 0 0,First,#,NAFO_Polygons,Area_ID,0,255" # #</Process><Process ToolSource="c:\program files\arcgis\pro\Resources\ArcToolbox\toolboxes\Data Management Tools.tbx\Append" Date="20210125" Time="141405">Append Dynamic_Zones_polygons "Fishery Management Areas" "Use the Field Map to reconcile schema differences" "Region "Region" true true false 255 Text 0 0,First,#,Dynamic_Zones_polygons,Region,0,255;Fishery "Fishery" true true false 255 Text 0 0,First,#,Dynamic_Zones_polygons,Fishery,0,255;Area_ID "Area_ID" true true false 255 Text 0 0,First,#,Dynamic_Zones_polygons,Area_ID,0,255" # #</Process><Process ToolSource="c:\program files\arcgis\pro\Resources\ArcToolbox\toolboxes\Data Management Tools.tbx\Append" Date="20210127" Time="113630">Append Mar_Lobster_polygons_Final "Fishery Management Areas" "Use the Field Map to reconcile schema differences" "Region "Region" true true false 255 Text 0 0,First,#,Mar_Lobster_polygons_Final,Region,0,255;Fishery "Fishery" true true false 255 Text 0 0,First,#,Mar_Lobster_polygons_Final,Fishery,0,255;Area_ID "Area_ID" true true false 255 Text 0 0,First,#,Mar_Lobster_polygons_Final,Area_ID,0,255" # #</Process><Process ToolSource="c:\program files\arcgis\pro\Resources\ArcToolbox\toolboxes\Data Management Tools.tbx\TruncateTable" Date="20210201" Time="105757">TruncateTable "Fishery Management Areas"</Process><Process ToolSource="c:\program files\arcgis\pro\Resources\ArcToolbox\toolboxes\Data Management Tools.tbx\Append" Date="20210201" Time="110147">Append Gulf_Groundfish_polygons_V2 "Fishery Management Areas" "Use the Field Map to reconcile schema differences" "Region "Region" true true false 255 Text 0 0,First,#,Gulf_Groundfish_polygons_V2,Region,0,255;Fishery "Fishery" true true false 255 Text 0 0,First,#,Gulf_Groundfish_polygons_V2,Fishery,0,255;Area_ID "Area_ID" true true false 255 Text 0 0,First,#,Gulf_Groundfish_polygons_V2,Area_ID,0,255" # #</Process><Process ToolSource="c:\program files\arcgis\pro\Resources\ArcToolbox\toolboxes\Data Management Tools.tbx\Append" Date="20210201" Time="110556">Append Gulf_Crab_polygons;Gulf_Crab_Zone17 "Fishery Management Areas" "Use the Field Map to reconcile schema differences" "Region "Region" true true false 255 Text 0 0,First,#,Gulf_Crab_polygons,Region,0,255,Gulf_Crab_Zone17,Region,0,255;Fishery "Fishery" true true false 255 Text 0 0,First,#,Gulf_Crab_polygons,Fishery,0,255,Gulf_Crab_Zone17,Fishery,0,255;Area_ID "Area_ID" true true false 255 Text 0 0,First,#,Gulf_Crab_polygons,Area_ID,0,255,Gulf_Crab_Zone17,Area_ID,0,255" # #</Process><Process ToolSource="c:\program files\arcgis\pro\Resources\ArcToolbox\toolboxes\Data Management Tools.tbx\Append" Date="20210201" Time="112210">Append Gulf_Lobster_polygons_V3 "Fishery Management Areas" "Use the Field Map to reconcile schema differences" "Region "Region" true true false 255 Text 0 0,First,#,Gulf_Lobster_polygons_V3,Region,0,255;Fishery "Fishery" true true false 255 Text 0 0,First,#,Gulf_Lobster_polygons_V3,Fishery,0,255;Area_ID "Area_ID" true true false 255 Text 0 0,First,#,Gulf_Lobster_polygons_V3,Area_ID,0,255" # #</Process><Process ToolSource="c:\program files\arcgis\pro\Resources\ArcToolbox\toolboxes\Data Management Tools.tbx\Append" Date="20210201" Time="112715">Append Mar_Crab_polygons_Final "Fishery Management Areas" "Use the Field Map to reconcile schema differences" "Region "Region" true true false 255 Text 0 0,First,#,Mar_Crab_polygons_Final,Region,0,255;Fishery "Fishery" true true false 255 Text 0 0,First,#,Mar_Crab_polygons_Final,Fishery,0,255;Area_ID "Area_ID" true true false 255 Text 0 0,First,#,Mar_Crab_polygons_Final,Area_ID,0,255" # #</Process><Process ToolSource="c:\program files\arcgis\pro\Resources\ArcToolbox\toolboxes\Data Management Tools.tbx\Append" Date="20210201" Time="113130">Append Mar_Lobster_polygons_Final "Fishery Management Areas" "Use the Field Map to reconcile schema differences" "Region "Region" true true false 255 Text 0 0,First,#,Mar_Lobster_polygons_Final,Region,0,255;Fishery "Fishery" true true false 255 Text 0 0,First,#,Mar_Lobster_polygons_Final,Fishery,0,255;Area_ID "Area_ID" true true false 255 Text 0 0,First,#,Mar_Lobster_polygons_Final,Area_ID,0,255" # #</Process><Process ToolSource="c:\program files\arcgis\pro\Resources\ArcToolbox\toolboxes\Data Management Tools.tbx\Append" Date="20210201" Time="113421">Append NFLD_Crab_polygons_draft1 "Fishery Management Areas" "Use the Field Map to reconcile schema differences" "Region "Region" true true false 255 Text 0 0,First,#,NFLD_Crab_polygons_draft1,Region,0,255;Fishery "Fishery" true true false 255 Text 0 0,First,#,NFLD_Crab_polygons_draft1,Fishery,0,255;Area_ID "Area_ID" true true false 255 Text 0 0,First,#,NFLD_Crab_polygons_draft1,Area_ID,0,255" # #</Process><Process ToolSource="c:\program files\arcgis\pro\Resources\ArcToolbox\toolboxes\Data Management Tools.tbx\Append" Date="20210201" Time="113938">Append NFLD_Lobster_NoGaps "Fishery Management Areas" "Use the Field Map to reconcile schema differences" "Region "Region" true true false 255 Text 0 0,First,#,NFLD_Lobster_NoGaps,Region,0,50;Fishery "Fishery" true true false 255 Text 0 0,First,#,NFLD_Lobster_NoGaps,Fishery,0,255;Area_ID "Area_ID" true true false 255 Text 0 0,First,#,NFLD_Lobster_NoGaps,Area_ID,0,255" # #</Process><Process ToolSource="c:\program files\arcgis\pro\Resources\ArcToolbox\toolboxes\Data Management Tools.tbx\Append" Date="20210201" Time="114618">Append NAFO_Final "Fishery Management Areas" "Use the Field Map to reconcile schema differences" "Region "Region" true true false 255 Text 0 0,First,#,NAFO_Final,Region,0,255;Fishery "Fishery" true true false 255 Text 0 0,First,#,NAFO_Final,Fishery,0,255;Area_ID "Area_ID" true true false 255 Text 0 0,First,#,NAFO_Final,Area_ID,0,255" # #</Process><Process ToolSource="c:\program files\arcgis\pro\Resources\ArcToolbox\toolboxes\Data Management Tools.tbx\Append" Date="20210201" Time="114934">Append Dynamic_Zones_polygons "Fishery Management Areas" "Use the Field Map to reconcile schema differences" "Region "Region" true true false 255 Text 0 0,First,#,Dynamic_Zones_polygons,Region,0,255;Fishery "Fishery" true true false 255 Text 0 0,First,#,Dynamic_Zones_polygons,Fishery,0,255;Area_ID "Area_ID" true true false 255 Text 0 0,First,#,Dynamic_Zones_polygons,Area_ID,0,255" # #</Process><Process ToolSource="c:\program files\arcgis\pro\Resources\ArcToolbox\toolboxes\Conversion Tools.tbx\FeatureClassToFeatureClass" Date="20210201" Time="115651">FeatureClassToFeatureClass "Fishery Management Areas" C:\Users\twilson\Documents\Projects\DFO\MSDI2\AMMH\FisheryManagementAreas.gdb FisheryManagementAreas # "Shape_Length "Shape_Length" false true true 8 Double 0 0,First,#,Fishery Management Areas,Shape_Length,-1,-1;Shape_Area "Shape_Area" false true true 8 Double 0 0,First,#,Fishery Management Areas,Shape_Area,-1,-1;Region "Region" true true false 255 Text 0 0,First,#,Fishery Management Areas,Region,0,255;Fishery "Fishery" true true false 255 Text 0 0,First,#,Fishery Management Areas,Fishery,0,255;Area_ID "Area_ID" true true false 255 Text 0 0,First,#,Fishery Management Areas,Area_ID,0,255" #</Process><Process ToolSource="c:\program files\arcgis\pro\Resources\ArcToolbox\toolboxes\Data Management Tools.tbx\UpdateSchema" Date="20210201" Time="115747">UpdateSchema "CIMDATA=&lt;CIMStandardDataConnection xsi:type='typens:CIMStandardDataConnection' xmlns:xsi='http://www.w3.org/2001/XMLSchema-instance' xmlns:xs='http://www.w3.org/2001/XMLSchema' xmlns:typens='http://www.esri.com/schemas/ArcGIS/2.5.0'&gt;&lt;WorkspaceConnectionString&gt;DATABASE=C:\Users\hashimotoy\Desktop\NARW_AMMH\fishery_0201\FisheryManagementAreas.gdb&lt;/WorkspaceConnectionString&gt;&lt;WorkspaceFactory&gt;FileGDB&lt;/WorkspaceFactory&gt;&lt;Dataset&gt;FisheryManagementAreas&lt;/Dataset&gt;&lt;DatasetType&gt;esriDTFeatureClass&lt;/DatasetType&gt;&lt;/CIMStandardDataConnection&gt;" &lt;operationSequence&gt;&lt;workflow&gt;&lt;AddField&gt;&lt;field_name&gt;RegFishAreaID&lt;/field_name&gt;&lt;field_type&gt;TEXT&lt;/field_type&gt;&lt;field_length&gt;255&lt;/field_length&gt;&lt;field_alias&gt;RegFishAreaID&lt;/field_alias&gt;&lt;field_is_nullable&gt;True&lt;/field_is_nullable&gt;&lt;field_is_required&gt;False&lt;/field_is_required&gt;&lt;/AddField&gt;&lt;/workflow&gt;&lt;/operationSequence&gt;</Process><Process ToolSource="c:\program files\arcgis\pro\Resources\ArcToolbox\toolboxes\Data Management Tools.tbx\CalculateField" Date="20210201" Time="115852">CalculateField FisheryManagementAreas_0201 RegFishAreaID "!Region! + "_" + !Fishery! + "_" +!Area_ID!" "Python 3" # Text</Process><Process ToolSource="c:\program files\arcgis\pro\Resources\ArcToolbox\toolboxes\Data Management Tools.tbx\CalculateField" Date="20210201" Time="120354">CalculateField FisheryManagementAreas_0201 Fishery 'Groundfish' PYTHON3 # Text</Process><Process ToolSource="c:\program files\arcgis\pro\Resources\ArcToolbox\toolboxes\Data Management Tools.tbx\CalculateField" Date="20210201" Time="120517">CalculateField FisheryManagementAreas_0201 Region 'Maritimes' PYTHON3 # Text</Process><Process ToolSource="c:\program files\arcgis\pro\Resources\ArcToolbox\toolboxes\Data Management Tools.tbx\Append" Date="20210201" Time="120627">Append Fishery_Maritimes FisheryManagementAreas_0201 "Input schema must match target schema" # # #</Process><Process ToolSource="c:\program files\arcgis\pro\Resources\ArcToolbox\toolboxes\Data Management Tools.tbx\CalculateField" Date="20210201" Time="120735">CalculateField FisheryManagementAreas_0201 Region 'Newfoundland' PYTHON3 # Text</Process><Process ToolSource="c:\program files\arcgis\pro\Resources\ArcToolbox\toolboxes\Data Management Tools.tbx\CalculateField" Date="20210201" Time="120819">CalculateField FisheryManagementAreas_0201 RegFishAreaID "!Region! + "_" + !Fishery! + "_" + !Area_ID!" PYTHON3 # Text</Process><Process ToolSource="c:\program files\arcgis\pro\Resources\ArcToolbox\toolboxes\Data Management Tools.tbx\UpdateSchema" Date="20210201" Time="133807">UpdateSchema "CIMDATA=&lt;CIMStandardDataConnection xsi:type='typens:CIMStandardDataConnection' xmlns:xsi='http://www.w3.org/2001/XMLSchema-instance' xmlns:xs='http://www.w3.org/2001/XMLSchema' xmlns:typens='http://www.esri.com/schemas/ArcGIS/2.5.0'&gt;&lt;WorkspaceConnectionString&gt;DATABASE=C:\Users\hashimotoy\Desktop\NARW_AMMH\fishery_0201\FisheryManagementAreas_edit.gdb&lt;/WorkspaceConnectionString&gt;&lt;WorkspaceFactory&gt;FileGDB&lt;/WorkspaceFactory&gt;&lt;Dataset&gt;FisheryManagementAreas&lt;/Dataset&gt;&lt;DatasetType&gt;esriDTFeatureClass&lt;/DatasetType&gt;&lt;/CIMStandardDataConnection&gt;" &lt;operationSequence&gt;&lt;workflow&gt;&lt;AlterField&gt;&lt;field_name&gt;Area_ID&lt;/field_name&gt;&lt;new_field_name&gt;Area&lt;/new_field_name&gt;&lt;field_type&gt;TEXT&lt;/field_type&gt;&lt;field_is_nullable&gt;True&lt;/field_is_nullable&gt;&lt;clear_field_alias&gt;False&lt;/clear_field_alias&gt;&lt;/AlterField&gt;&lt;/workflow&gt;&lt;workflow&gt;&lt;AddField&gt;&lt;field_name&gt;RegionID&lt;/field_name&gt;&lt;field_type&gt;TEXT&lt;/field_type&gt;&lt;field_length&gt;255&lt;/field_length&gt;&lt;field_alias&gt;RegionID&lt;/field_alias&gt;&lt;field_is_nullable&gt;True&lt;/field_is_nullable&gt;&lt;field_is_required&gt;False&lt;/field_is_required&gt;&lt;/AddField&gt;&lt;/workflow&gt;&lt;workflow&gt;&lt;AddField&gt;&lt;field_name&gt;FisheryID&lt;/field_name&gt;&lt;field_type&gt;TEXT&lt;/field_type&gt;&lt;field_length&gt;255&lt;/field_length&gt;&lt;field_alias&gt;FisheryID&lt;/field_alias&gt;&lt;field_is_nullable&gt;True&lt;/field_is_nullable&gt;&lt;field_is_required&gt;False&lt;/field_is_required&gt;&lt;/AddField&gt;&lt;/workflow&gt;&lt;/operationSequence&gt;</Process><Process ToolSource="c:\program files\arcgis\pro\Resources\ArcToolbox\toolboxes\Data Management Tools.tbx\CalculateField" Date="20210201" Time="134333">CalculateField FisheryManagementAreas FisheryID 'CFA' PYTHON3 # Text</Process><Process ToolSource="c:\program files\arcgis\pro\Resources\ArcToolbox\toolboxes\Data Management Tools.tbx\CalculateField" Date="20210201" Time="134414">CalculateField FisheryManagementAreas FisheryID 'LFA' PYTHON3 # Text</Process><Process ToolSource="c:\program files\arcgis\pro\Resources\ArcToolbox\toolboxes\Data Management Tools.tbx\UpdateSchema" Date="20210201" Time="135146">UpdateSchema "CIMDATA=&lt;CIMStandardDataConnection xsi:type='typens:CIMStandardDataConnection' xmlns:xsi='http://www.w3.org/2001/XMLSchema-instance' xmlns:xs='http://www.w3.org/2001/XMLSchema' xmlns:typens='http://www.esri.com/schemas/ArcGIS/2.5.0'&gt;&lt;WorkspaceConnectionString&gt;DATABASE=C:\Users\hashimotoy\Desktop\NARW_AMMH\fishery_0201\FisheryManagementAreas_edit.gdb&lt;/WorkspaceConnectionString&gt;&lt;WorkspaceFactory&gt;FileGDB&lt;/WorkspaceFactory&gt;&lt;Dataset&gt;FisheryManagementAreas&lt;/Dataset&gt;&lt;DatasetType&gt;esriDTFeatureClass&lt;/DatasetType&gt;&lt;/CIMStandardDataConnection&gt;" &lt;operationSequence&gt;&lt;workflow&gt;&lt;AddField&gt;&lt;field_name&gt;AreaName&lt;/field_name&gt;&lt;field_type&gt;TEXT&lt;/field_type&gt;&lt;field_length&gt;255&lt;/field_length&gt;&lt;field_alias&gt;AreaName&lt;/field_alias&gt;&lt;field_is_nullable&gt;True&lt;/field_is_nullable&gt;&lt;field_is_required&gt;False&lt;/field_is_required&gt;&lt;/AddField&gt;&lt;/workflow&gt;&lt;/operationSequence&gt;</Process><Process ToolSource="c:\program files\arcgis\pro\Resources\ArcToolbox\toolboxes\Data Management Tools.tbx\CalculateField" Date="20210201" Time="150533">CalculateField FisheryManagementAreas AreaName !Area!.replace(" " , "") "Python 3" # Text</Process><Process ToolSource="c:\program files\arcgis\pro\Resources\ArcToolbox\toolboxes\Data Management Tools.tbx\CalculateField" Date="20210201" Time="150558">CalculateField FisheryManagementAreas AreaName !Area!.replace(" " , "") PYTHON3 # Text</Process><Process ToolSource="c:\program files\arcgis\pro\Resources\ArcToolbox\toolboxes\Data Management Tools.tbx\CalculateField" Date="20210201" Time="150902">CalculateField FisheryManagementAreas RegFishAreaID "!RegionID! +"_" + !FisheryID!+ "_" + !AreaName!" PYTHON3 # Text</Process><Process ToolSource="c:\program files\arcgis\pro\Resources\ArcToolbox\toolboxes\Data Management Tools.tbx\CalculateField" Date="20210201" Time="151205">CalculateField FisheryManagementAreas RegFishAreaID "!RegionID! + "_" +!FisheryID! +  !AreaName!" PYTHON3 # Text</Process><Process ToolSource="c:\program files\arcgis\pro\Resources\ArcToolbox\toolboxes\Data Management Tools.tbx\CalculateField" Date="20210201" Time="151551">CalculateField FisheryManagementAreas AreaName !Area!.replace("LFA", "") "Python 3" # Text</Process><Process ToolSource="c:\program files\arcgis\pro\Resources\ArcToolbox\toolboxes\Data Management Tools.tbx\CalculateField" Date="20210201" Time="151633">CalculateField FisheryManagementAreas AreaName !Area!.replace("LFA ", "") "Python 3" # Text</Process><Process ToolSource="c:\program files\arcgis\pro\Resources\ArcToolbox\toolboxes\Data Management Tools.tbx\CalculateField" Date="20210201" Time="151815">CalculateField FisheryManagementAreas FisheryID 'NAFO' "Python 3" # Text</Process><Process ToolSource="c:\program files\arcgis\pro\Resources\ArcToolbox\toolboxes\Data Management Tools.tbx\CalculateField" Date="20210201" Time="151844">CalculateField FisheryManagementAreas AreaName !Area!.replace('NAFO ', "") "Python 3" # Text</Process><Process ToolSource="c:\program files\arcgis\pro\Resources\ArcToolbox\toolboxes\Data Management Tools.tbx\CalculateField" Date="20210201" Time="152014">CalculateField FisheryManagementAreas RegFishAreaID "!RegionID! +"_" + !FisheryID! + "_"+!AreaName!" "Python 3" # Text</Process><Process ToolSource="c:\program files\arcgis\pro\Resources\ArcToolbox\toolboxes\Data Management Tools.tbx\CalculateField" Date="20210201" Time="152239">CalculateField FisheryManagementAreas FisheryID 'gf' "Python 3" # Text</Process><Process ToolSource="c:\program files\arcgis\pro\Resources\ArcToolbox\toolboxes\Data Management Tools.tbx\CalculateField" Date="20210201" Time="152320">CalculateField FisheryManagementAreas RegFishAreaID "!RegionID! +'_' + !FisheryID! + '_' + !AreaName!" "Python 3" # Text</Process><Process ToolSource="c:\program files\arcgis\pro\Resources\ArcToolbox\toolboxes\Data Management Tools.tbx\UpdateSchema" Date="20210201" Time="153958">UpdateSchema "CIMDATA=&lt;CIMStandardDataConnection xsi:type='typens:CIMStandardDataConnection' xmlns:xsi='http://www.w3.org/2001/XMLSchema-instance' xmlns:xs='http://www.w3.org/2001/XMLSchema' xmlns:typens='http://www.esri.com/schemas/ArcGIS/2.5.0'&gt;&lt;WorkspaceConnectionString&gt;DATABASE=C:\Users\hashimotoy\Desktop\NARW_AMMH\fishery_0201\FisheryManagementAreas_edit.gdb&lt;/WorkspaceConnectionString&gt;&lt;WorkspaceFactory&gt;FileGDB&lt;/WorkspaceFactory&gt;&lt;Dataset&gt;FisheryManagementAreas&lt;/Dataset&gt;&lt;DatasetType&gt;esriDTFeatureClass&lt;/DatasetType&gt;&lt;/CIMStandardDataConnection&gt;" &lt;operationSequence&gt;&lt;workflow&gt;&lt;AlterField&gt;&lt;field_name&gt;RegFishAreaID&lt;/field_name&gt;&lt;new_field_name&gt;RegFishID&lt;/new_field_name&gt;&lt;field_type&gt;TEXT&lt;/field_type&gt;&lt;field_is_nullable&gt;True&lt;/field_is_nullable&gt;&lt;clear_field_alias&gt;False&lt;/clear_field_alias&gt;&lt;/AlterField&gt;&lt;/workflow&gt;&lt;workflow&gt;&lt;AddField&gt;&lt;field_name&gt;ID&lt;/field_name&gt;&lt;field_type&gt;TEXT&lt;/field_type&gt;&lt;field_length&gt;255&lt;/field_length&gt;&lt;field_alias&gt;ID&lt;/field_alias&gt;&lt;field_is_nullable&gt;True&lt;/field_is_nullable&gt;&lt;field_is_required&gt;False&lt;/field_is_required&gt;&lt;/AddField&gt;&lt;/workflow&gt;&lt;/operationSequence&gt;</Process><Process ToolSource="c:\program files\arcgis\pro\Resources\ArcToolbox\toolboxes\Data Management Tools.tbx\CalculateField" Date="20210201" Time="154022">CalculateField FisheryManagementAreas ID !RegFishID! PYTHON3 # Text</Process><Process ToolSource="c:\program files\arcgis\pro\Resources\ArcToolbox\toolboxes\Data Management Tools.tbx\CalculateField" Date="20210201" Time="154108">CalculateField FisheryManagementAreas ID !RegFishID! PYTHON3 # Text</Process><Process ToolSource="c:\program files\arcgis\pro\Resources\ArcToolbox\toolboxes\Data Management Tools.tbx\CalculateField" Date="20210201" Time="154118">CalculateField FisheryManagementAreas ID !RegFishID! PYTHON3 # Text</Process><Process ToolSource="c:\program files\arcgis\pro\Resources\ArcToolbox\toolboxes\Data Management Tools.tbx\CalculateField" Date="20210201" Time="154222">CalculateField FisheryManagementAreas ID !RegFishID! PYTHON3 # Text</Process><Process ToolSource="c:\program files\arcgis\pro\Resources\ArcToolbox\toolboxes\Data Management Tools.tbx\CalculateField" Date="20210201" Time="154236">CalculateField FisheryManagementAreas ID !RegFishID! PYTHON3 # Text</Process><Process ToolSource="c:\program files\arcgis\pro\Resources\ArcToolbox\toolboxes\Conversion Tools.tbx\FeatureClassToFeatureClass" Date="20210201" Time="154520">FeatureClassToFeatureClass FisheryManagementAreas C:\Users\hashimotoy\Desktop\NARW_AMMH\NARW_Reference\NARW_Reference.gdb FisheryManagementArea # "Region "Region" true true false 255 Text 0 0,First,#,FisheryManagementAreas,Region,0,255;Fishery "Fishery" true true false 255 Text 0 0,First,#,FisheryManagementAreas,Fishery,0,255;Area "Area_ID" true true false 255 Text 0 0,First,#,FisheryManagementAreas,Area,0,255;Shape_Length "Shape_Length" false true true 8 Double 0 0,First,#,FisheryManagementAreas,Shape_Length,-1,-1;Shape_Area "Shape_Area" false true true 8 Double 0 0,First,#,FisheryManagementAreas,Shape_Area,-1,-1;ID "ID" true true false 255 Text 0 0,First,#,FisheryManagementAreas,ID,0,255" #</Process><Process ToolSource="c:\program files\arcgis\pro\Resources\ArcToolbox\toolboxes\Data Management Tools.tbx\UpdateSchema" Date="20210201" Time="155649">UpdateSchema "CIMDATA=&lt;CIMStandardDataConnection xsi:type='typens:CIMStandardDataConnection' xmlns:xsi='http://www.w3.org/2001/XMLSchema-instance' xmlns:xs='http://www.w3.org/2001/XMLSchema' xmlns:typens='http://www.esri.com/schemas/ArcGIS/2.5.0'&gt;&lt;WorkspaceConnectionString&gt;DATABASE=C:\Users\hashimotoy\Desktop\NARW_AMMH\NARW_Reference\NARW_Reference.gdb&lt;/WorkspaceConnectionString&gt;&lt;WorkspaceFactory&gt;FileGDB&lt;/WorkspaceFactory&gt;&lt;Dataset&gt;FisheryManagementArea&lt;/Dataset&gt;&lt;DatasetType&gt;esriDTFeatureClass&lt;/DatasetType&gt;&lt;/CIMStandardDataConnection&gt;" "&lt;operationSequence&gt;&lt;workflow&gt;&lt;AddField&gt;&lt;field_name&gt;RegionalFishery&lt;/field_name&gt;&lt;field_type&gt;TEXT&lt;/field_type&gt;&lt;field_length&gt;255&lt;/field_length&gt;&lt;field_alias&gt;Regional Fishery&lt;/field_alias&gt;&lt;field_is_nullable&gt;True&lt;/field_is_nullable&gt;&lt;field_is_required&gt;False&lt;/field_is_required&gt;&lt;/AddField&gt;&lt;/workflow&gt;&lt;/operationSequence&gt;"</Process><Process ToolSource="c:\program files\arcgis\pro\Resources\ArcToolbox\toolboxes\Data Management Tools.tbx\CalculateField" Date="20210201" Time="160231">CalculateField FisheryManagementArea RegionalFishery "!Region! + " - " + !Fishery!" PYTHON3 # Text</Process><Process ToolSource="c:\program files\arcgis\pro\Resources\ArcToolbox\toolboxes\Data Management Tools.tbx\UpdateSchema" Date="20210202" Time="084516">UpdateSchema "CIMDATA=&lt;CIMStandardDataConnection xsi:type='typens:CIMStandardDataConnection' xmlns:xsi='http://www.w3.org/2001/XMLSchema-instance' xmlns:xs='http://www.w3.org/2001/XMLSchema' xmlns:typens='http://www.esri.com/schemas/ArcGIS/2.5.0'&gt;&lt;WorkspaceConnectionString&gt;DATABASE=C:\Users\hashimotoy\Desktop\NARW_AMMH\NARW_Reference\NARW_Reference.gdb&lt;/WorkspaceConnectionString&gt;&lt;WorkspaceFactory&gt;FileGDB&lt;/WorkspaceFactory&gt;&lt;Dataset&gt;FisheryManagementArea&lt;/Dataset&gt;&lt;DatasetType&gt;esriDTFeatureClass&lt;/DatasetType&gt;&lt;/CIMStandardDataConnection&gt;" &lt;operationSequence&gt;&lt;workflow&gt;&lt;AlterField&gt;&lt;field_name&gt;ID&lt;/field_name&gt;&lt;new_field_name&gt;FisheryID&lt;/new_field_name&gt;&lt;field_type&gt;TEXT&lt;/field_type&gt;&lt;field_is_nullable&gt;True&lt;/field_is_nullable&gt;&lt;clear_field_alias&gt;False&lt;/clear_field_alias&gt;&lt;/AlterField&gt;&lt;/workflow&gt;&lt;/operationSequence&gt;</Process><Process ToolSource="c:\program files\arcgis\pro\Resources\ArcToolbox\toolboxes\Conversion Tools.tbx\FeatureClassToFeatureClass" Date="20210202" Time="091103">FeatureClassToFeatureClass FisheryManagementArea C:\Users\hashimotoy\Desktop\NARW_AMMH\FisheryManagementArea_updated_20210201.gdb FisheryManagementArea # "Region "Region" true true false 255 Text 0 0,First,#,FisheryManagementArea,Region,0,255;Fishery "Fishery" true true false 255 Text 0 0,First,#,FisheryManagementArea,Fishery,0,255;Area "Area_ID" true true false 255 Text 0 0,First,#,FisheryManagementArea,Area,0,255;FisheryID "FisheryID" true true false 255 Text 0 0,First,#,FisheryManagementArea,FisheryID,0,255;Shape_Length "Shape_Length" false true true 8 Double 0 0,First,#,FisheryManagementArea,Shape_Length,-1,-1;Shape_Area "Shape_Area" false true true 8 Double 0 0,First,#,FisheryManagementArea,Shape_Area,-1,-1;RegionalFishery "Regional Fishery" true true false 255 Text 0 0,First,#,FisheryManagementArea,RegionalFishery,0,255" #</Process><Process ToolSource="c:\program files\arcgis\pro\Resources\ArcToolbox\Toolboxes\Data Management Tools.tbx\UpdateSchema" Date="20210202" Time="135921">UpdateSchema "CIMDATA=&lt;CIMStandardDataConnection xsi:type='typens:CIMStandardDataConnection' xmlns:xsi='http://www.w3.org/2001/XMLSchema-instance' xmlns:xs='http://www.w3.org/2001/XMLSchema' xmlns:typens='http://www.esri.com/schemas/ArcGIS/2.5.0'&gt;&lt;WorkspaceConnectionString&gt;DATABASE=C:\Users\cormierj\Desktop\Dummy Folder\ESRI- Final Map Package\Yuriko's Review\FisheryManagementArea_updated_20210201.gdb&lt;/WorkspaceConnectionString&gt;&lt;WorkspaceFactory&gt;FileGDB&lt;/WorkspaceFactory&gt;&lt;Dataset&gt;FisheryManagementArea&lt;/Dataset&gt;&lt;DatasetType&gt;esriDTFeatureClass&lt;/DatasetType&gt;&lt;/CIMStandardDataConnection&gt;" &lt;operationSequence&gt;&lt;workflow&gt;&lt;AddField&gt;&lt;field_name&gt;Comments&lt;/field_name&gt;&lt;field_type&gt;TEXT&lt;/field_type&gt;&lt;field_length&gt;255&lt;/field_length&gt;&lt;field_alias&gt;Comments&lt;/field_alias&gt;&lt;field_is_nullable&gt;True&lt;/field_is_nullable&gt;&lt;field_is_required&gt;False&lt;/field_is_required&gt;&lt;/AddField&gt;&lt;/workflow&gt;&lt;/operationSequence&gt;</Process><Process ToolSource="c:\program files\arcgis\pro\Resources\ArcToolbox\Toolboxes\Data Management Tools.tbx\UpdateSchema" Date="20210202" Time="144929">UpdateSchema "CIMDATA=&lt;CIMStandardDataConnection xsi:type='typens:CIMStandardDataConnection' xmlns:xsi='http://www.w3.org/2001/XMLSchema-instance' xmlns:xs='http://www.w3.org/2001/XMLSchema' xmlns:typens='http://www.esri.com/schemas/ArcGIS/2.5.0'&gt;&lt;WorkspaceConnectionString&gt;DATABASE=C:\Users\cormierj\Desktop\Dummy Folder\ESRI- Final Map Package\Yuriko's Review\FisheryManagementArea_updated_20210201.gdb&lt;/WorkspaceConnectionString&gt;&lt;WorkspaceFactory&gt;FileGDB&lt;/WorkspaceFactory&gt;&lt;Dataset&gt;FisheryManagementArea&lt;/Dataset&gt;&lt;DatasetType&gt;esriDTFeatureClass&lt;/DatasetType&gt;&lt;/CIMStandardDataConnection&gt;" &lt;operationSequence&gt;&lt;workflow&gt;&lt;AlterField&gt;&lt;field_name&gt;Area&lt;/field_name&gt;&lt;new_field_name&gt;AreaID&lt;/new_field_name&gt;&lt;field_type&gt;TEXT&lt;/field_type&gt;&lt;field_is_nullable&gt;True&lt;/field_is_nullable&gt;&lt;clear_field_alias&gt;False&lt;/clear_field_alias&gt;&lt;/AlterField&gt;&lt;/workflow&gt;&lt;/operationSequence&gt;</Process><Process ToolSource="c:\program files\arcgis\pro\Resources\ArcToolbox\Toolboxes\Data Management Tools.tbx\UpdateSchema" Date="20210202" Time="145212">UpdateSchema "CIMDATA=&lt;CIMStandardDataConnection xsi:type='typens:CIMStandardDataConnection' xmlns:xsi='http://www.w3.org/2001/XMLSchema-instance' xmlns:xs='http://www.w3.org/2001/XMLSchema' xmlns:typens='http://www.esri.com/schemas/ArcGIS/2.5.0'&gt;&lt;WorkspaceConnectionString&gt;DATABASE=C:\Users\cormierj\Desktop\Dummy Folder\ESRI- Final Map Package\Yuriko's Review\FisheryManagementArea_updated_20210201.gdb&lt;/WorkspaceConnectionString&gt;&lt;WorkspaceFactory&gt;FileGDB&lt;/WorkspaceFactory&gt;&lt;Dataset&gt;FisheryManagementArea&lt;/Dataset&gt;&lt;DatasetType&gt;esriDTFeatureClass&lt;/DatasetType&gt;&lt;/CIMStandardDataConnection&gt;" &lt;operationSequence&gt;&lt;workflow&gt;&lt;AddField&gt;&lt;field_name&gt;Temp&lt;/field_name&gt;&lt;field_type&gt;TEXT&lt;/field_type&gt;&lt;field_length&gt;255&lt;/field_length&gt;&lt;field_alias&gt;Temp&lt;/field_alias&gt;&lt;field_is_nullable&gt;True&lt;/field_is_nullable&gt;&lt;field_is_required&gt;False&lt;/field_is_required&gt;&lt;/AddField&gt;&lt;/workflow&gt;&lt;/operationSequence&gt;</Process><Process ToolSource="c:\program files\arcgis\pro\Resources\ArcToolbox\toolboxes\Data Management Tools.tbx\CalculateField" Date="20210202" Time="145703">CalculateField FisheryManagementArea Temp "CFA"+!AreaID! PYTHON3 # Text</Process><Process ToolSource="c:\program files\arcgis\pro\Resources\ArcToolbox\toolboxes\Data Management Tools.tbx\CalculateField" Date="20210202" Time="145830">CalculateField FisheryManagementArea Temp "LFA"+!AreaID! PYTHON3 # Text</Process><Process ToolSource="c:\program files\arcgis\pro\Resources\ArcToolbox\toolboxes\Data Management Tools.tbx\CalculateField" Date="20210202" Time="145948">CalculateField FisheryManagementArea Temp "GFA"+!AreaID! PYTHON3 # Text</Process><Process ToolSource="c:\program files\arcgis\pro\Resources\ArcToolbox\toolboxes\Data Management Tools.tbx\CalculateField" Date="20210202" Time="150227">CalculateField FisheryManagementArea Temp ""NAFO_" + !AreaID!" PYTHON3 # Text</Process><Process ToolSource="c:\program files\arcgis\pro\Resources\ArcToolbox\toolboxes\Data Management Tools.tbx\CalculateField" Date="20210202" Time="150350">CalculateField FisheryManagementArea Temp !AreaID!.replace(" ","_") PYTHON3 # Text</Process><Process ToolSource="c:\program files\arcgis\pro\Resources\ArcToolbox\toolboxes\Data Management Tools.tbx\CalculateField" Date="20210202" Time="150504">CalculateField FisheryManagementArea Temp ""LFA_" + !AreaID!" PYTHON3 # Text</Process><Process ToolSource="c:\program files\arcgis\pro\Resources\ArcToolbox\toolboxes\Data Management Tools.tbx\CalculateField" Date="20210202" Time="150705">CalculateField FisheryManagementArea Temp ""CFA_" + !AreaID!" PYTHON3 # Text</Process><Process ToolSource="c:\program files\arcgis\pro\Resources\ArcToolbox\toolboxes\Data Management Tools.tbx\CalculateField" Date="20210202" Time="155946">CalculateField FisheryManagementArea Temp ""GFA_" + !AreaID!" PYTHON3 # Text</Process><Process ToolSource="c:\program files\arcgis\pro\Resources\ArcToolbox\toolboxes\Data Management Tools.tbx\CalculateField" Date="20210202" Time="160327">CalculateField FisheryManagementArea Temp !AreaID!.replace("LFA ", "") PYTHON3 # Text</Process><Process ToolSource="c:\program files\arcgis\pro\Resources\ArcToolbox\toolboxes\Data Management Tools.tbx\CalculateField" Date="20210202" Time="160422">CalculateField FisheryManagementArea AreaID !Temp! PYTHON3 # Text</Process><Process ToolSource="c:\program files\arcgis\pro\Resources\ArcToolbox\toolboxes\Data Management Tools.tbx\CalculateField" Date="20210202" Time="160508">CalculateField FisheryManagementArea Temp ""LFA_" + !AreaID!" PYTHON3 # Text</Process><Process ToolSource="c:\program files\arcgis\pro\Resources\ArcToolbox\toolboxes\Conversion Tools.tbx\FeatureClassToFeatureClass" Date="20210202" Time="161143">FeatureClassToFeatureClass FisheryManagementArea "C:\Users\cormierj\Desktop\NARW\New File Geodatabase.gdb" FMA # "Region "Region" true true false 255 Text 0 0,First,#,FisheryManagementArea,Region,0,255;Fishery "Fishery" true true false 255 Text 0 0,First,#,FisheryManagementArea,Fishery,0,255;AreaID "AreaID" true true false 255 Text 0 0,First,#,FisheryManagementArea,AreaID,0,255;FisheryID "FisheryID" true true false 255 Text 0 0,First,#,FisheryManagementArea,FisheryID,0,255;RegionalFi "Regional Fishery" true true false 255 Text 0 0,First,#,FisheryManagementArea,RegionalFishery,0,255;Shape_Leng "Shape_Length" false true true 8 Double 0 0,First,#,FisheryManagementArea,Shape_Length,-1,-1;Shape_Area "Shape_Area" false true true 8 Double 0 0,First,#,FisheryManagementArea,Shape_Area,-1,-1;Comments "Comments" true true false 255 Text 0 0,First,#,FisheryManagementArea,Comments,0,255;Temp "Temp" true true false 255 Text 0 0,First,#,FisheryManagementArea,Temp,0,255" #</Process><Process ToolSource="c:\program files\arcgis\pro\Resources\ArcToolbox\toolboxes\Data Management Tools.tbx\UpdateSchema" Date="20210202" Time="122641">UpdateSchema "CIMDATA=&lt;CIMStandardDataConnection xsi:type='typens:CIMStandardDataConnection' xmlns:xsi='http://www.w3.org/2001/XMLSchema-instance' xmlns:xs='http://www.w3.org/2001/XMLSchema' xmlns:typens='http://www.esri.com/schemas/ArcGIS/2.5.0'&gt;&lt;WorkspaceConnectionString&gt;DATABASE=C:\Users\hashimotoy\Desktop\NARW_AMMH\fishery_0202\New File Geodatabase.gdb&lt;/WorkspaceConnectionString&gt;&lt;WorkspaceFactory&gt;FileGDB&lt;/WorkspaceFactory&gt;&lt;Dataset&gt;FMA&lt;/Dataset&gt;&lt;DatasetType&gt;esriDTFeatureClass&lt;/DatasetType&gt;&lt;/CIMStandardDataConnection&gt;" &lt;operationSequence&gt;&lt;workflow&gt;&lt;AddField&gt;&lt;field_name&gt;RegionID&lt;/field_name&gt;&lt;field_type&gt;TEXT&lt;/field_type&gt;&lt;field_length&gt;255&lt;/field_length&gt;&lt;field_alias&gt;RegionID&lt;/field_alias&gt;&lt;field_is_nullable&gt;True&lt;/field_is_nullable&gt;&lt;field_is_required&gt;False&lt;/field_is_required&gt;&lt;/AddField&gt;&lt;/workflow&gt;&lt;/operationSequence&gt;</Process><Process ToolSource="c:\program files\arcgis\pro\Resources\ArcToolbox\toolboxes\Data Management Tools.tbx\CalculateField" Date="20210202" Time="122801">CalculateField FMA RegionID "GQC" PYTHON3 # Text</Process><Process ToolSource="c:\program files\arcgis\pro\Resources\ArcToolbox\toolboxes\Data Management Tools.tbx\CalculateField" Date="20210202" Time="122843">CalculateField FMA RegionID 'MAR' PYTHON3 # Text</Process><Process ToolSource="c:\program files\arcgis\pro\Resources\ArcToolbox\toolboxes\Data Management Tools.tbx\CalculateField" Date="20210202" Time="123045">CalculateField FMA RegionID "NL" PYTHON3 # Text</Process><Process ToolSource="c:\program files\arcgis\pro\Resources\ArcToolbox\toolboxes\Data Management Tools.tbx\CalculateField" Date="20210202" Time="123124">CalculateField FMA RegionID "MT" PYTHON3 # Text</Process><Process ToolSource="c:\program files\arcgis\pro\Resources\ArcToolbox\toolboxes\Data Management Tools.tbx\CalculateField" Date="20210202" Time="123158">CalculateField FMA RegionID "QC" PYTHON3 # Text</Process><Process ToolSource="c:\program files\arcgis\pro\Resources\ArcToolbox\toolboxes\Data Management Tools.tbx\UpdateSchema" Date="20210202" Time="123330">UpdateSchema "CIMDATA=&lt;CIMStandardDataConnection xsi:type='typens:CIMStandardDataConnection' xmlns:xsi='http://www.w3.org/2001/XMLSchema-instance' xmlns:xs='http://www.w3.org/2001/XMLSchema' xmlns:typens='http://www.esri.com/schemas/ArcGIS/2.5.0'&gt;&lt;WorkspaceConnectionString&gt;DATABASE=C:\Users\hashimotoy\Desktop\NARW_AMMH\fishery_0202\New File Geodatabase.gdb&lt;/WorkspaceConnectionString&gt;&lt;WorkspaceFactory&gt;FileGDB&lt;/WorkspaceFactory&gt;&lt;Dataset&gt;FMA&lt;/Dataset&gt;&lt;DatasetType&gt;esriDTFeatureClass&lt;/DatasetType&gt;&lt;/CIMStandardDataConnection&gt;" &lt;operationSequence&gt;&lt;workflow&gt;&lt;AddField&gt;&lt;field_name&gt;Area&lt;/field_name&gt;&lt;field_type&gt;TEXT&lt;/field_type&gt;&lt;field_length&gt;255&lt;/field_length&gt;&lt;field_alias&gt;Area&lt;/field_alias&gt;&lt;field_is_nullable&gt;True&lt;/field_is_nullable&gt;&lt;field_is_required&gt;False&lt;/field_is_required&gt;&lt;/AddField&gt;&lt;/workflow&gt;&lt;/operationSequence&gt;</Process><Process ToolSource="c:\program files\arcgis\pro\Resources\ArcToolbox\toolboxes\Data Management Tools.tbx\CalculateField" Date="20210202" Time="123357">CalculateField FMA Area !AreaID! PYTHON3 # Text</Process><Process ToolSource="c:\program files\arcgis\pro\Resources\ArcToolbox\toolboxes\Data Management Tools.tbx\CalculateField" Date="20210202" Time="123429">CalculateField FMA AreaID !Temp! PYTHON3 # Text</Process><Process ToolSource="c:\program files\arcgis\pro\Resources\ArcToolbox\toolboxes\Data Management Tools.tbx\CalculateField" Date="20210202" Time="123518">CalculateField FMA FisheryID "!Region! + "_" + !AreaID! " PYTHON3 # Text</Process><Process ToolSource="c:\program files\arcgis\pro\Resources\ArcToolbox\toolboxes\Data Management Tools.tbx\CalculateField" Date="20210202" Time="123535">CalculateField FMA FisheryID "!RegionID! + "_" + !AreaID! " PYTHON3 # Text</Process><Process ToolSource="c:\program files\arcgis\pro\Resources\ArcToolbox\toolboxes\Data Management Tools.tbx\DeleteField" Date="20210202" Time="123631">DeleteField FMA Temp</Process><Process ToolSource="c:\program files\arcgis\pro\Resources\ArcToolbox\toolboxes\Conversion Tools.tbx\FeatureClassToFeatureClass" Date="20210202" Time="130022">FeatureClassToFeatureClass FMA C:\Users\hashimotoy\Desktop\NARW_AMMH\NARW_Reference\NARW_Reference.gdb FisheryManagementArea # "Region "Region" true true false 255 Text 0 0,First,#,FMA,Region,0,255;Fishery "Fishery" true true false 255 Text 0 0,First,#,FMA,Fishery,0,255;AreaID "AreaID" true true false 255 Text 0 0,First,#,FMA,AreaID,0,255;FisheryID "FisheryID" true true false 255 Text 0 0,First,#,FMA,FisheryID,0,255;RegionalFi "Regional Fishery" true true false 255 Text 0 0,First,#,FMA,RegionalFi,0,255;Shape_Leng "Shape_Length" true true false 8 Double 0 0,First,#,FMA,Shape_Leng,-1,-1;Comments "Comments" true true false 255 Text 0 0,First,#,FMA,Comments,0,255;Shape_Length "Shape_Length" false true true 8 Double 0 0,First,#,FMA,Shape_Length,-1,-1;Shape_Area "Shape_Area" false true true 8 Double 0 0,First,#,FMA,Shape_Area,-1,-1;RegionID "RegionID" true true false 255 Text 0 0,First,#,FMA,RegionID,0,255;Area "Area" true true false 255 Text 0 0,First,#,FMA,Area,0,255" #</Process><Process ToolSource="c:\program files\arcgis\pro\Resources\ArcToolbox\toolboxes\Data Management Tools.tbx\UpdateSchema" Date="20210202" Time="130528">UpdateSchema "CIMDATA=&lt;CIMStandardDataConnection xsi:type='typens:CIMStandardDataConnection' xmlns:xsi='http://www.w3.org/2001/XMLSchema-instance' xmlns:xs='http://www.w3.org/2001/XMLSchema' xmlns:typens='http://www.esri.com/schemas/ArcGIS/2.5.0'&gt;&lt;WorkspaceConnectionString&gt;DATABASE=C:\Users\hashimotoy\Desktop\NARW_AMMH\NARW_Reference\NARW_Reference.gdb&lt;/WorkspaceConnectionString&gt;&lt;WorkspaceFactory&gt;FileGDB&lt;/WorkspaceFactory&gt;&lt;Dataset&gt;FisheryManagementArea&lt;/Dataset&gt;&lt;DatasetType&gt;esriDTFeatureClass&lt;/DatasetType&gt;&lt;/CIMStandardDataConnection&gt;" &lt;operationSequence&gt;&lt;workflow&gt;&lt;AlterField&gt;&lt;field_name&gt;RegionalFi&lt;/field_name&gt;&lt;new_field_name&gt;RegionalFishery&lt;/new_field_name&gt;&lt;field_type&gt;TEXT&lt;/field_type&gt;&lt;field_is_nullable&gt;True&lt;/field_is_nullable&gt;&lt;clear_field_alias&gt;False&lt;/clear_field_alias&gt;&lt;/AlterField&gt;&lt;/workflow&gt;&lt;/operationSequence&gt;</Process><Process ToolSource="c:\program files\arcgis\pro\Resources\ArcToolbox\toolboxes\Data Management Tools.tbx\CalculateField" Date="20210203" Time="102053">CalculateField FisheryManagementArea RegionID 'GQ'
 PYTHON3 # Text</Process><Process ToolSource="c:\program files\arcgis\pro\Resources\ArcToolbox\toolboxes\Data Management Tools.tbx\CalculateField" Date="20210203" Time="102138">CalculateField FisheryManagementArea RegionID 'MR' PYTHON3 # Text</Process><Process ToolSource="c:\program files\arcgis\pro\Resources\ArcToolbox\toolboxes\Data Management Tools.tbx\CalculateField" Date="20210203" Time="102257">CalculateField FisheryManagementArea FisheryID "!RegionID! + "_" + !AreaID!" PYTHON3 # Text</Process><Process ToolSource="c:\program files\arcgis\pro\Resources\ArcToolbox\toolboxes\Data Management Tools.tbx\Append" Date="20210203" Time="113403">Append FisheryManagementAreas "REFERENCE LAYERS\FisheryManagementArea" "Use the Field Map to reconcile schema differences" "Region "Region" true true false 255 Text 0 0,First,#,C:\Users\hashimotoy\Desktop\NARW_AMMH\fishery_0203\FisheryManagementAreas.gdb\FisheryManagementAreas,Region,0,255;Fishery "Fishery" true true false 255 Text 0 0,First,#,C:\Users\hashimotoy\Desktop\NARW_AMMH\fishery_0203\FisheryManagementAreas.gdb\FisheryManagementAreas,Fishery,0,255;AreaID "AreaID" true true false 255 Text 0 0,First,#;FisheryID "FisheryID" true true false 255 Text 0 0,First,#;RegionalFishery "Regional Fishery" true true false 255 Text 0 0,First,#;Shape_Leng "Shape_Length" true true false 8 Double 0 0,First,#;Comments "Comments" true true false 255 Text 0 0,First,#;RegionID "RegionID" true true false 255 Text 0 0,First,#;Area "Area" true true false 255 Text 0 0,First,#" # #</Process><Process ToolSource="c:\program files\arcgis\pro\Resources\ArcToolbox\toolboxes\Data Management Tools.tbx\Append" Date="20210203" Time="114056">Append FisheryManagementAreas_updated "REFERENCE LAYERS\FisheryManagementArea" "Use the Field Map to reconcile schema differences" "Region "Region" true true false 255 Text 0 0,First,#,C:\Users\hashimotoy\Desktop\NARW_AMMH\fishery_0203\FisheryManagementAreas.gdb\FisheryManagementAreas,Region,0,255;Fishery "Fishery" true true false 255 Text 0 0,First,#,C:\Users\hashimotoy\Desktop\NARW_AMMH\fishery_0203\FisheryManagementAreas.gdb\FisheryManagementAreas,Fishery,0,255;AreaID "AreaID" true true false 255 Text 0 0,First,#,C:\Users\hashimotoy\Desktop\NARW_AMMH\fishery_0203\FisheryManagementAreas.gdb\FisheryManagementAreas,AreaID,0,255;FisheryID "FisheryID" true true false 255 Text 0 0,First,#,C:\Users\hashimotoy\Desktop\NARW_AMMH\fishery_0203\FisheryManagementAreas.gdb\FisheryManagementAreas,FisheryID,0,255;RegionalFishery "Regional Fishery" true true false 255 Text 0 0,First,#,C:\Users\hashimotoy\Desktop\NARW_AMMH\fishery_0203\FisheryManagementAreas.gdb\FisheryManagementAreas,RegionalFishery,0,255;Comments "Comments" true true false 255 Text 0 0,First,#,C:\Users\hashimotoy\Desktop\NARW_AMMH\fishery_0203\FisheryManagementAreas.gdb\FisheryManagementAreas,Comments,0,255;RegionID "RegionID" true true false 255 Text 0 0,First,#,C:\Users\hashimotoy\Desktop\NARW_AMMH\fishery_0203\FisheryManagementAreas.gdb\FisheryManagementAreas,RegionID,0,255;Area "Area" true true false 255 Text 0 0,First,#,C:\Users\hashimotoy\Desktop\NARW_AMMH\fishery_0203\FisheryManagementAreas.gdb\FisheryManagementAreas,Area,0,255" # #</Process><Process ToolSource="c:\program files\arcgis\pro\Resources\ArcToolbox\toolboxes\Data Management Tools.tbx\Append" Date="20210203" Time="114130">Append FisheryManagementAreas_updated "REFERENCE LAYERS\FisheryManagementArea" "Use the Field Map to reconcile schema differences" "Region "Region" true true false 255 Text 0 0,First,#,C:\Users\hashimotoy\Desktop\NARW_AMMH\fishery_0203\FisheryManagementAreas.gdb\FisheryManagementAreas,Region,0,255;Fishery "Fishery" true true false 255 Text 0 0,First,#,C:\Users\hashimotoy\Desktop\NARW_AMMH\fishery_0203\FisheryManagementAreas.gdb\FisheryManagementAreas,Fishery,0,255;AreaID "AreaID" true true false 255 Text 0 0,First,#,C:\Users\hashimotoy\Desktop\NARW_AMMH\fishery_0203\FisheryManagementAreas.gdb\FisheryManagementAreas,AreaID,0,255;FisheryID "FisheryID" true true false 255 Text 0 0,First,#,C:\Users\hashimotoy\Desktop\NARW_AMMH\fishery_0203\FisheryManagementAreas.gdb\FisheryManagementAreas,FisheryID,0,255;RegionalFishery "Regional Fishery" true true false 255 Text 0 0,First,#,C:\Users\hashimotoy\Desktop\NARW_AMMH\fishery_0203\FisheryManagementAreas.gdb\FisheryManagementAreas,RegionalFishery,0,255;Comments "Comments" true true false 255 Text 0 0,First,#,C:\Users\hashimotoy\Desktop\NARW_AMMH\fishery_0203\FisheryManagementAreas.gdb\FisheryManagementAreas,Comments,0,255;RegionID "RegionID" true true false 255 Text 0 0,First,#,C:\Users\hashimotoy\Desktop\NARW_AMMH\fishery_0203\FisheryManagementAreas.gdb\FisheryManagementAreas,RegionID,0,255;Area "Area" true true false 255 Text 0 0,First,#,C:\Users\hashimotoy\Desktop\NARW_AMMH\fishery_0203\FisheryManagementAreas.gdb\FisheryManagementAreas,Area,0,255" # #</Process><Process ToolSource="c:\program files\arcgis\pro\Resources\ArcToolbox\toolboxes\Data Management Tools.tbx\UpdateSchema" Date="20210203" Time="114404">UpdateSchema "CIMDATA=&lt;CIMStandardDataConnection xsi:type='typens:CIMStandardDataConnection' xmlns:xsi='http://www.w3.org/2001/XMLSchema-instance' xmlns:xs='http://www.w3.org/2001/XMLSchema' xmlns:typens='http://www.esri.com/schemas/ArcGIS/2.5.0'&gt;&lt;WorkspaceConnectionString&gt;DATABASE=C:\Users\hashimotoy\Desktop\NARW_AMMH\NARW_Reference\NARW_Reference.gdb&lt;/WorkspaceConnectionString&gt;&lt;WorkspaceFactory&gt;FileGDB&lt;/WorkspaceFactory&gt;&lt;Dataset&gt;FisheryManagementArea&lt;/Dataset&gt;&lt;DatasetType&gt;esriDTFeatureClass&lt;/DatasetType&gt;&lt;/CIMStandardDataConnection&gt;" &lt;operationSequence&gt;&lt;workflow&gt;&lt;DeleteField&gt;&lt;field_name&gt;Shape_Leng&lt;/field_name&gt;&lt;/DeleteField&gt;&lt;/workflow&gt;&lt;/operationSequence&gt;</Process><Process ToolSource="c:\program files\arcgis\pro\Resources\ArcToolbox\toolboxes\Conversion Tools.tbx\FeatureClassToFeatureClass" Date="20210203" Time="114810">FeatureClassToFeatureClass FisheryManagementArea C:\Users\hashimotoy\Desktop\NARW_AMMH\FisheryManagementAreas_20200203.gdb FisheryManagementArea # "Region "Region" true true false 255 Text 0 0,First,#,FisheryManagementArea,Region,0,255;Fishery "Fishery" true true false 255 Text 0 0,First,#,FisheryManagementArea,Fishery,0,255;AreaID "AreaID" true true false 255 Text 0 0,First,#,FisheryManagementArea,AreaID,0,255;FisheryID "FisheryID" true true false 255 Text 0 0,First,#,FisheryManagementArea,FisheryID,0,255;RegionalFishery "Regional Fishery" true true false 255 Text 0 0,First,#,FisheryManagementArea,RegionalFishery,0,255;Comments "Comments" true true false 255 Text 0 0,First,#,FisheryManagementArea,Comments,0,255;RegionID "RegionID" true true false 255 Text 0 0,First,#,FisheryManagementArea,RegionID,0,255;Area "Area" true true false 255 Text 0 0,First,#,FisheryManagementArea,Area,0,255;Shape_Length "Shape_Length" false true true 8 Double 0 0,First,#,FisheryManagementArea,Shape_Length,-1,-1;Shape_Area "Shape_Area" false true true 8 Double 0 0,First,#,FisheryManagementArea,Shape_Area,-1,-1" #</Process><Process ToolSource="c:\program files\arcgis\pro\Resources\ArcToolbox\toolboxes\Conversion Tools.tbx\FeatureClassToFeatureClass" Date="20220329" Time="154706">FeatureClassToFeatureClass FisheryManagementArea "C:\Users\ElliottMs\Documents\ArcGIS\Projects\Lobster Assembly\Maggies" LFA22.shp # "Region "Region" true true false 255 Text 0 0,First,#,FisheryManagementArea,Region,0,255;Fishery "Fishery" true true false 255 Text 0 0,First,#,FisheryManagementArea,Fishery,0,255;AreaID "AreaID" true true false 255 Text 0 0,First,#,FisheryManagementArea,AreaID,0,255;FisheryID "FisheryID" true true false 255 Text 0 0,First,#,FisheryManagementArea,FisheryID,0,255;RegionalFishery "Regional Fishery" true true false 255 Text 0 0,First,#,FisheryManagementArea,RegionalFishery,0,255;Comments "Comments" true true false 255 Text 0 0,First,#,FisheryManagementArea,Comments,0,255;RegionID "RegionID" true true false 255 Text 0 0,First,#,FisheryManagementArea,RegionID,0,255;Area "Area" true true false 255 Text 0 0,First,#,FisheryManagementArea,Area,0,255;Shape_Length "Shape_Length" false true true 8 Double 0 0,First,#,FisheryManagementArea,Shape_Length,-1,-1;Shape_Area "Shape_Area" false true true 8 Double 0 0,First,#,FisheryManagementArea,Shape_Area,-1,-1" #</Process><Process ToolSource="c:\program files (x86)\arcgis\desktop10.8\ArcToolbox\Toolboxes\Data Management Tools.tbx\Merge" Date="20220429" Time="110108">Merge LFA22;'QC Lobster Zones' "C:\GIS Basecamp\Development\2021 NARW Season\Major Projects\Fisheries Landscape\Exercises\Lobster Effort\Lobster Assembly.gdb\LFA22_Merge" "Region "Region" true true false 254 Text 0 0 ,First,#,LFA22,Region,-1,-1,QC Lobster Zones,Region,-1,-1;Fishery "Fishery" true true false 254 Text 0 0 ,First,#,LFA22,Fishery,-1,-1,QC Lobster Zones,Fishery,-1,-1;AreaID "AreaID" true true false 254 Text 0 0 ,First,#,LFA22,AreaID,-1,-1,QC Lobster Zones,AreaID,-1,-1;FisheryID "FisheryID" true true false 254 Text 0 0 ,First,#,LFA22,FisheryID,-1,-1,QC Lobster Zones,FisheryID,-1,-1;RegionalFi "RegionalFi" true true false 254 Text 0 0 ,First,#,LFA22,RegionalFi,-1,-1,QC Lobster Zones,RegionalFi,-1,-1;Comments "Comments" true true false 254 Text 0 0 ,First,#,LFA22,Comments,-1,-1,QC Lobster Zones,Comments,-1,-1;RegionID "RegionID" true true false 254 Text 0 0 ,First,#,LFA22,RegionID,-1,-1,QC Lobster Zones,RegionID,-1,-1;Area "Area" true true false 254 Text 0 0 ,First,#,LFA22,Area,-1,-1,QC Lobster Zones,Area,-1,-1;Shape_Leng "Shape_Leng" true true false 19 Double 0 0 ,First,#,LFA22,Shape_Leng,-1,-1,QC Lobster Zones,Shape_Leng,-1,-1;Shape_Area "Shape_Area" true true false 19 Double 0 0 ,First,#,LFA22,Shape_Area,-1,-1,QC Lobster Zones,Shape_Area,-1,-1;Subzone "Subzone" true true false 7 Text 0 0 ,First,#,QC Lobster Zones,Subzone,-1,-1"</Process><Process ToolSource="c:\program files (x86)\arcgis\desktop10.8\ArcToolbox\Toolboxes\Data Management Tools.tbx\CalculateField" Date="20220429" Time="111517">CalculateField LFA22_Merge Subzone 22 VB #</Process><Process ToolSource="c:\program files (x86)\arcgis\desktop10.8\ArcToolbox\Toolboxes\Analysis Tools.tbx\Intersect" Date="20220429" Time="114709">Intersect "LFA22_Merge #;Gaspe_Week_19 #" "C:\Users\ElliottMs\Documents\ArcGIS\Projects\Lobster Assembly\Maggies\QC Lobster Final\Week19_SubsAdded.shp" ALL # INPUT</Process></lineage><itemProps><itemName Sync="TRUE">Week19_SubsAdded</itemName><imsContentType Sync="TRUE">002</imsContentType><itemLocation><linkage Sync="TRUE">file://\\WLNBMON9056739\C$\Users\ElliottMs\Documents\ArcGIS\Projects\Lobster Assembly\Maggies\QC Lobster Final\Week19_SubsAdded.shp</linkage><protocol Sync="TRUE">Local Area Network</protocol></itemLocation><itemSize Sync="TRUE">0.000</itemSize></itemProps><coordRef><type Sync="TRUE">Geographic</type><geogcsn Sync="TRUE">GCS_North_American_1983_CSRS</geogcsn><csUnits Sync="TRUE">Angular Unit: Degree (0.017453)</csUnits><peXml Sync="TRUE">&lt;GeographicCoordinateSystem xsi:type='typens:GeographicCoordinateSystem' xmlns:xsi='http://www.w3.org/2001/XMLSchema-instance' xmlns:xs='http://www.w3.org/2001/XMLSchema' xmlns:typens='http://www.esri.com/schemas/ArcGIS/10.8'&gt;&lt;WKT&gt;GEOGCS[&amp;quot;GCS_North_American_1983_CSRS&amp;quot;,DATUM[&amp;quot;D_North_American_1983_CSRS&amp;quot;,SPHEROID[&amp;quot;GRS_1980&amp;quot;,6378137.0,298.257222101]],PRIMEM[&amp;quot;Greenwich&amp;quot;,0.0],UNIT[&amp;quot;Degree&amp;quot;,0.0174532925199433],AUTHORITY[&amp;quot;EPSG&amp;quot;,4617]]&lt;/WKT&gt;&lt;XOrigin&gt;-400&lt;/XOrigin&gt;&lt;YOrigin&gt;-400&lt;/YOrigin&gt;&lt;XYScale&gt;11258999068426.238&lt;/XYScale&gt;&lt;ZOrigin&gt;-100000&lt;/ZOrigin&gt;&lt;ZScale&gt;10000&lt;/ZScale&gt;&lt;MOrigin&gt;-100000&lt;/MOrigin&gt;&lt;MScale&gt;10000&lt;/MScale&gt;&lt;XYTolerance&gt;8.9831528411952133e-09&lt;/XYTolerance&gt;&lt;ZTolerance&gt;0.001&lt;/ZTolerance&gt;&lt;MTolerance&gt;0.001&lt;/MTolerance&gt;&lt;HighPrecision&gt;true&lt;/HighPrecision&gt;&lt;LeftLongitude&gt;-180&lt;/LeftLongitude&gt;&lt;WKID&gt;4140&lt;/WKID&gt;&lt;LatestWKID&gt;4617&lt;/LatestWKID&gt;&lt;/GeographicCoordinateSystem&gt;</peXml></coordRef></DataProperties><SyncDate>20220429</SyncDate><SyncTime>11470700</SyncTime><ModDate>20220429</ModDate><ModTime>11470700</ModTime></Esri><dataIdInfo><envirDesc Sync="TRUE"> Version 6.2 (Build 9200) ; Esri ArcGIS 10.8.1.14362</envirDesc><dataLang><languageCode value="eng" Sync="TRUE"></languageCode><countryCode value="USA" Sync="TRUE"></countryCode></dataLang><idCitation><resTitle Sync="TRUE">Week19_SubsAdded</resTitle><presForm><PresFormCd value="005" Sync="TRUE"></PresFormCd></presForm></idCitation><spatRpType><SpatRepTypCd value="001" Sync="TRUE"></SpatRepTypCd></spatRpType></dataIdInfo><mdLang><languageCode value="eng" Sync="TRUE"></languageCode><countryCode value="USA" Sync="TRUE"></countryCode></mdLang><distInfo><distFormat><formatName Sync="TRUE">Shapefile</formatName></distFormat><distTranOps><transSize Sync="TRUE">0.000</transSize></distTranOps></distInfo><mdHrLv><ScopeCd value="005" Sync="TRUE"></ScopeCd></mdHrLv><mdHrLvName Sync="TRUE">dataset</mdHrLvName><refSysInfo><RefSystem><refSysID><identCode code="4617" Sync="TRUE"></identCode><idCodeSpace Sync="TRUE">EPSG</idCodeSpace><idVersion Sync="TRUE">9.1.1(9.3.0.0)</idVersion></refSysID></RefSystem></refSysInfo><spatRepInfo><VectSpatRep><geometObjs Name="Week19_SubsAdded"><geoObjTyp><GeoObjTypCd value="002" Sync="TRUE"></GeoObjTypCd></geoObjTyp><geoObjCnt Sync="TRUE">0</geoObjCnt></geometObjs><topLvl><TopoLevCd value="001" Sync="TRUE"></TopoLevCd></topLvl></VectSpatRep></spatRepInfo><spdoinfo><ptvctinf><esriterm Name="Week19_SubsAdded"><efeatyp Sync="TRUE">Simple</efeatyp><efeageom code="4" Sync="TRUE"></efeageom><esritopo Sync="TRUE">FALSE</esritopo><efeacnt Sync="TRUE">0</efeacnt><spindex Sync="TRUE">FALSE</spindex><linrefer Sync="TRUE">FALSE</linrefer></esriterm></ptvctinf></spdoinfo><eainfo><detailed Name="Week19_SubsAdded"><enttyp><enttypl Sync="TRUE">Week19_SubsAdded</enttypl><enttypt Sync="TRUE">Feature Class</enttypt><enttypc Sync="TRUE">0</enttypc></enttyp><attr><attrlabl Sync="TRUE">FID</attrlabl><attalias Sync="TRUE">FID</attalias><attrtype Sync="TRUE">OID</attrtype><attwidth Sync="TRUE">4</attwidth><atprecis Sync="TRUE">0</atprecis><attscale Sync="TRUE">0</attscale><attrdef Sync="TRUE">Internal feature number.</attrdef><attrdefs Sync="TRUE">Esri</attrdefs><attrdomv><udom Sync="TRUE">Sequential unique whole numbers that are automatically generated.</udom></attrdomv></attr><attr><attrlabl Sync="TRUE">Shape</attrlabl><attalias Sync="TRUE">Shape</attalias><attrtype Sync="TRUE">Geometry</attrtype><attwidth Sync="TRUE">0</attwidth><atprecis Sync="TRUE">0</atprecis><attscale Sync="TRUE">0</attscale><attrdef Sync="TRUE">Feature geometry.</attrdef><attrdefs Sync="TRUE">Esri</attrdefs><attrdomv><udom Sync="TRUE">Coordinates defining the features.</udom></attrdomv></attr><attr><attrlabl Sync="TRUE">FID_LFA22_</attrlabl><attalias Sync="TRUE">FID_LFA22_</attalias><attrtype Sync="TRUE">Integer</attrtype><attwidth Sync="TRUE">10</attwidth><atprecis Sync="TRUE">10</atprecis><attscale Sync="TRUE">0</attscale></attr><attr><attrlabl Sync="TRUE">AreaID</attrlabl><attalias Sync="TRUE">AreaID</attalias><attrtype Sync="TRUE">String</attrtype><attwidth Sync="TRUE">254</attwidth><atprecis Sync="TRUE">0</atprecis><attscale Sync="TRUE">0</attscale></attr><attr><attrlabl Sync="TRUE">Area</attrlabl><attalias Sync="TRUE">Area</attalias><attrtype Sync="TRUE">String</attrtype><attwidth Sync="TRUE">254</attwidth><atprecis Sync="TRUE">0</atprecis><attscale Sync="TRUE">0</attscale></attr><attr><attrlabl Sync="TRUE">Shape_Leng</attrlabl><attalias Sync="TRUE">Shape_Leng</attalias><attrtype Sync="TRUE">Double</attrtype><attwidth Sync="TRUE">19</attwidth><atprecis Sync="TRUE">0</atprecis><attscale Sync="TRUE">0</attscale></attr><attr><attrlabl Sync="TRUE">Subzone</attrlabl><attalias Sync="TRUE">Subzone</attalias><attrtype Sync="TRUE">String</attrtype><attwidth Sync="TRUE">7</attwidth><atprecis Sync="TRUE">0</atprecis><attscale Sync="TRUE">0</attscale></attr><attr><attrlabl Sync="TRUE">FID_Gaspe_</attrlabl><attalias Sync="TRUE">FID_Gaspe_</attalias><attrtype Sync="TRUE">Integer</attrtype><attwidth Sync="TRUE">10</attwidth><atprecis Sync="TRUE">10</atprecis><attscale Sync="TRUE">0</attscale></attr><attr><attrlabl Sync="TRUE">GRID_ID</attrlabl><attalias Sync="TRUE">GRID_ID</attalias><attrtype Sync="TRUE">String</attrtype><attwidth Sync="TRUE">12</attwidth><atprecis Sync="TRUE">0</atprecis><attscale Sync="TRUE">0</attscale></attr><attr><attrlabl Sync="TRUE">OBJECTID_1</attrlabl><attalias Sync="TRUE">OBJECTID_1</attalias><attrtype Sync="TRUE">Integer</attrtype><attwidth Sync="TRUE">9</attwidth><atprecis Sync="TRUE">9</atprecis><attscale Sync="TRUE">0</attscale></attr><attr><attrlabl Sync="TRUE">FID_Week19</attrlabl><attalias Sync="TRUE">FID_Week19</attalias><attrtype Sync="TRUE">Integer</attrtype><attwidth Sync="TRUE">10</attwidth><atprecis Sync="TRUE">10</atprecis><attscale Sync="TRUE">0</attscale></attr><attr><attrlabl Sync="TRUE">Area_1</attrlabl><attalias Sync="TRUE">Area_1</attalias><attrtype Sync="TRUE">String</attrtype><attwidth Sync="TRUE">254</attwidth><atprecis Sync="TRUE">0</atprecis><attscale Sync="TRUE">0</attscale></attr><attr><attrlabl Sync="TRUE">Subzone_1</attrlabl><attalias Sync="TRUE">Subzone_1</attalias><attrtype Sync="TRUE">String</attrtype><attwidth Sync="TRUE">7</attwidth><atprecis Sync="TRUE">0</atprecis><attscale Sync="TRUE">0</attscale></attr><attr><attrlabl Sync="TRUE">cold</attrlabl><attalias Sync="TRUE">cold</attalias><attrtype Sync="TRUE">Double</attrtype><attwidth Sync="TRUE">19</attwidth><atprecis Sync="TRUE">0</atprecis><attscale Sync="TRUE">0</attscale></attr><attr><attrlabl Sync="TRUE">Fishers</attrlabl><attalias Sync="TRUE">Fishers</attalias><attrtype Sync="TRUE">Double</attrtype><attwidth Sync="TRUE">19</attwidth><atprecis Sync="TRUE">0</atprecis><attscale Sync="TRUE">0</attscale></attr><attr><attrlabl Sync="TRUE">Percentage</attrlabl><attalias Sync="TRUE">Percentage</attalias><attrtype Sync="TRUE">Double</attrtype><attwidth Sync="TRUE">19</attwidth><atprecis Sync="TRUE">0</atprecis><attscale Sync="TRUE">0</attscale></attr><attr><attrlabl Sync="TRUE">Depth</attrlabl><attalias Sync="TRUE">Depth</attalias><attrtype Sync="TRUE">String</attrtype><attwidth Sync="TRUE">8</attwidth><atprecis Sync="TRUE">0</atprecis><attscale Sync="TRUE">0</attscale></attr><attr><attrlabl Sync="TRUE">DepthScore</attrlabl><attalias Sync="TRUE">DepthScore</attalias><attrtype Sync="TRUE">Double</attrtype><attwidth Sync="TRUE">19</attwidth><atprecis Sync="TRUE">0</atprecis><attscale Sync="TRUE">0</attscale></attr><attr><attrlabl Sync="TRUE">SiteScore</attrlabl><attalias Sync="TRUE">SiteScore</attalias><attrtype Sync="TRUE">Integer</attrtype><attwidth Sync="TRUE">10</attwidth><atprecis Sync="TRUE">10</atprecis><attscale Sync="TRUE">0</attscale></attr><attr><attrlabl Sync="TRUE">Shape_Area</attrlabl><attalias Sync="TRUE">Shape_Area</attalias><attrtype Sync="TRUE">Double</attrtype><attwidth Sync="TRUE">19</attwidth><atprecis Sync="TRUE">0</atprecis><attscale Sync="TRUE">0</attscale><attrdef Sync="TRUE">Area of feature in internal units squared.</attrdef><attrdefs Sync="TRUE">Esri</attrdefs><attrdomv><udom Sync="TRUE">Positive real numbers that are automatically generated.</udom></attrdomv></attr><attr><attrlabl Sync="TRUE">Shape_Le_1</attrlabl><attalias Sync="TRUE">Shape_Le_1</attalias><attrtype Sync="TRUE">Double</attrtype><attwidth Sync="TRUE">19</attwidth><atprecis Sync="TRUE">0</atprecis><attscale Sync="TRUE">0</attscale></attr><attr><attrlabl Sync="TRUE">FID_AA_Lan</attrlabl><attalias Sync="TRUE">FID_AA_Lan</attalias><attrtype Sync="TRUE">Integer</attrtype><attwidth Sync="TRUE">10</attwidth><atprecis Sync="TRUE">10</atprecis><attscale Sync="TRUE">0</attscale></attr><attr><attrlabl Sync="TRUE">GRID_ID_1</attrlabl><attalias Sync="TRUE">GRID_ID_1</attalias><attrtype Sync="TRUE">String</attrtype><attwidth Sync="TRUE">12</attwidth><atprecis Sync="TRUE">0</atprecis><attscale Sync="TRUE">0</attscale></attr><attr><attrlabl Sync="TRUE">Shape_Le_2</attrlabl><attalias Sync="TRUE">Shape_Le_2</attalias><attrtype Sync="TRUE">Double</attrtype><attwidth Sync="TRUE">19</attwidth><atprecis Sync="TRUE">0</atprecis><attscale Sync="TRUE">0</attscale></attr><attr><attrlabl Sync="TRUE">Shape_Ar_1</attrlabl><attalias Sync="TRUE">Shape_Ar_1</attalias><attrtype Sync="TRUE">Double</attrtype><attwidth Sync="TRUE">19</attwidth><atprecis Sync="TRUE">0</atprecis><attscale Sync="TRUE">0</attscale></attr></detailed></eainfo><mdDateSt Sync="TRUE">20220429</mdDateSt></metadata>
